<?xml version="1.0" encoding="UTF-8"?>
<project-private xmlns="http://www.netbeans.org/ns/project-private/1">
    <editor-bookmarks xmlns="http://www.netbeans.org/ns/editor-bookmarks/2" lastBookmarkId="0"/>
    <open-files xmlns="http://www.netbeans.org/ns/projectui-open-files/2">
        <group>
            <file>file:/C:/Users/Wyatt%20Morgan/Documents/NetBeansProjects/s540549Lab05/src/edu/nwmissouri/fall24/cs44542/sec02/arrayAndArrayLists/NorthwestBookDriver.java</file>
            <file>file:/C:/Users/Wyatt%20Morgan/Documents/NetBeansProjects/s540549Lab05/src/edu/nwmissouri/fall24/cs44542/sec02/arrayAndArrayLists/ArrayDriver.java</file>
        </group>
    </open-files>
</project-private>
