<?xml version="1.0" encoding="UTF-8"?>
<project-private xmlns="http://www.netbeans.org/ns/project-private/1">
    <editor-bookmarks xmlns="http://www.netbeans.org/ns/editor-bookmarks/2" lastBookmarkId="0"/>
    <open-files xmlns="http://www.netbeans.org/ns/projectui-open-files/2">
        <group>
            <file>file:/C:/Users/s540549/Documents/GitHub/ClassCodingNotes/NetBeansProjects/ADPAF/InClassActivity1/src/inclassactivity1/InClassActivity1.java</file>
            <file>file:/C:/Users/s540549/Documents/GitHub/ClassCodingNotes/NetBeansProjects/ADPAF/InClassActivity1/src/inclassactivity1/SingleLinkedList.java</file>
            <file>file:/C:/Users/s540549/Documents/GitHub/ClassCodingNotes/NetBeansProjects/ADPAF/InClassActivity1/src/inclassactivity1/Node.java</file>
            <file>file:/C:/Users/s540549/Documents/GitHub/ClassCodingNotes/NetBeansProjects/ADPAF/InClassActivity1/src/inclassactivity1/InClassActivity1P2.java</file>
        </group>
    </open-files>
</project-private>
