<?xml version="1.0" encoding="UTF-8"?>
<project-private xmlns="http://www.netbeans.org/ns/project-private/1">
    <editor-bookmarks xmlns="http://www.netbeans.org/ns/editor-bookmarks/2" lastBookmarkId="0"/>
    <open-files xmlns="http://www.netbeans.org/ns/projectui-open-files/2">
        <group>
            <file>file:/C:/Users/dianar/Documents/NetBeansProjects/AbstractExample/src/abstractexample/AbstractClassesExample.java</file>
            <file>file:/C:/Users/dianar/Documents/NetBeansProjects/AbstractExample/src/abstractexample/Rectangle.java</file>
            <file>file:/C:/Users/dianar/Documents/NetBeansProjects/AbstractExample/src/abstractexample/Triangle.java</file>
            <file>file:/C:/Users/dianar/Documents/NetBeansProjects/AbstractExample/src/abstractexample/Figure.java</file>
        </group>
    </open-files>
</project-private>
